model,erc_type,learning_rate,epochs,batch_size,avg_iterations_erc1155_none,avg_time_erc1155_none,verification_rate_erc1155_none,overall_verification_rate,overall_avg_time,overall_avg_iterations
4o-mini,base,0.0,0,0,9.2,368.03433594703677,0.1,0.1,368.03433594703677,9.2
erc-1155-001-5-16,erc1155,0.001,5,16,5.2,202.74188921451568,0.5,0.5,202.74188921451568,5.2
erc-20-001-5-16,erc20,0.001,5,16,9.6,489.8574452161789,0.1,0.1,489.8574452161789,9.6
erc-20-1155-001-5-16,erc20,0.1155,1,5,5.6,319.7800755739212,0.6,0.6,319.7800755739212,5.6
erc-20-721-001-5-16,erc20,0.721,1,5,7.5,372.699974489212,0.3,0.3,372.699974489212,7.5
erc-20-721-1155-001-5-16,erc20,0.721,1155,1,4.5,227.4442135334015,0.7,0.7,227.4442135334015,4.5
erc-721-001-5-16,erc721,0.001,5,16,9.1,288.6238323688507,0.1,0.1,288.6238323688507,9.1
erc-721-1155-001-5-16,erc721,0.1155,1,5,5.9,331.87575194835665,0.5,0.5,331.87575194835665,5.9
