run,time_taken,iterations,verified,annotated_contract,status
1,261.81430101394653,10,False,,[]
2,275.22437596321106,10,False,,[]
3,250.84801959991455,10,False,,[]
4,238.40149426460266,10,False,,[]
5,848.0595633983612,10,False,,[]
6,256.78611516952515,10,False,,[]
7,246.28518056869507,10,False,,[]
8,210.2238085269928,10,False,,[]
9,248.23093390464783,10,False,,[]
10,222.25736260414124,10,False,,[]
