run,time_taken,iterations,verified,annotated_contract,status
1,480.41163754463196,10,False,,[]
2,339.875967502594,10,False,,[]
3,384.1999363899231,10,False,,[]
4,390.1045174598694,10,False,,[]
5,314.712518453598,10,False,,[]
6,396.57412910461426,10,False,,[]
7,386.4857063293457,10,False,,[]
8,377.6484739780426,10,False,,[]
9,367.7342481613159,10,False,,[]
10,434.9453179836273,10,False,,[]
