run,time_taken,iterations,verified,annotated_contract,status
1,176.81357526779175,10,False,,[]
2,168.99208760261536,10,False,,[]
3,158.66813492774963,10,False,,[]
4,175.02988243103027,10,False,,[]
5,167.25411319732666,10,False,,[]
6,171.72056317329407,10,False,,[]
7,196.5231053829193,10,False,,[]
8,197.90329146385193,10,False,,[]
9,185.3970422744751,10,False,,[]
10,167.79088687896729,10,False,,[]
