run,time_taken,iterations,verified,annotated_contract,status
1,392.1589250564575,10,False,,[]
2,369.20385670661926,10,False,,[]
3,372.01740431785583,10,False,,[]
4,508.7254021167755,10,False,,[]
5,363.18657422065735,10,False,,[]
6,316.0674593448639,10,False,,[]
7,327.40737867355347,10,False,,[]
8,405.9011490345001,10,False,,[]
9,376.0741639137268,10,False,,[]
10,326.87577629089355,10,False,,[]
