run,time_taken,iterations,verified,annotated_contract,status
1,191.67274260520935,10,False,,[]
2,172.55879402160645,10,False,,[]
3,184.0048611164093,10,False,,[]
4,172.1415572166443,10,False,,[]
5,200.8697850704193,10,False,,[]
6,177.74998497962952,10,False,,[]
7,169.97536253929138,10,False,,[]
8,192.53744626045227,10,False,,[]
9,169.27634453773499,10,False,,[]
10,182.87044644355774,10,False,,[]
