run,time_taken,iterations,verified,annotated_contract,status
1,179.27052903175354,10,False,,[]
2,181.33657598495483,10,False,,[]
3,185.3640205860138,10,False,,[]
4,187.29198455810547,10,False,,[]
5,205.9601218700409,10,False,,[]
6,202.20719623565674,10,False,,[]
7,177.0875015258789,10,False,,[]
8,191.26015830039978,10,False,,[]
9,175.54191994667053,10,False,,[]
10,190.2911422252655,10,False,,[]
