model,erc_type,learning_rate,epochs,batch_size,avg_iterations_erc1155_none,avg_iterations_erc20_none,avg_iterations_erc721_none,avg_iterations_ercx_erc20_erc721_erc1155,avg_time_erc1155_none,avg_time_erc20_none,avg_time_erc721_none,avg_time_ercx_erc20_erc721_erc1155,verification_rate_erc1155_none,verification_rate_erc20_none,verification_rate_erc721_none,verification_rate_ercx_erc20_erc721_erc1155,overall_verification_rate,overall_avg_time,overall_avg_iterations
4.1,unknown,0.0,0,0,,,,10.0,,,,274.3040256500244,,,,0.0,0.0,274.3040256500244,10.0
erc-1155-001-5-16,erc1155,0.001,5,16,5.2,8.4,8.2,,202.74188921451568,338.9036275625229,177.80264194011687,,0.5,0.2,0.2,,0.3,239.8160529057185,7.266666666666667
erc-20-001-5-16,erc20,0.001,5,16,9.6,8.6,9.2,,489.8574452161789,347.7696196079254,175.7033254146576,,0.1,0.3,0.1,,0.16666666666666666,337.776796746254,9.133333333333333
erc-20-1155-001-5-16,erc20,0.1155,1,5,5.6,7.2,8.3,,319.7800755739212,286.24073321819304,235.505473613739,,0.6,0.4,0.2,,0.39999999999999997,280.50876080195104,7.033333333333334
erc-20-721-001-5-16,erc20,0.721,1,5,7.5,5.2,7.6,,372.699974489212,249.86357259750366,182.44811165332794,,0.3,0.6,0.4,,0.43333333333333335,268.33721958001456,6.766666666666667
erc-20-721-1155-001-5-16,erc20,0.721,1155,1,4.5,5.1,5.5,,227.4442135334015,249.87405824661255,204.45268366336822,,0.7,0.6,0.7,,0.6666666666666666,227.2569851477941,5.033333333333333
erc-721-001-5-16,erc721,0.001,5,16,9.1,9.5,8.4,,288.6238323688507,336.0265780448914,220.61061680316925,,0.1,0.1,0.3,,0.16666666666666666,281.75367573897046,9.0
erc-721-1155-001-5-16,erc721,0.1155,1,5,5.9,8.4,7.7,,331.87575194835665,325.131605386734,251.3858381509781,,0.5,0.2,0.4,,0.3666666666666667,302.79773182868956,7.333333333333333
