run,time_taken,iterations,verified,annotated_contract,status
1,377.0724024772644,10,False,,[]
2,357.67235565185547,10,False,,[]
3,336.17186212539673,10,False,,[]
4,330.66384077072144,10,False,,[]
5,291.7854571342468,10,False,,[]
6,292.4399333000183,10,False,,[]
7,334.4461019039154,10,False,,[]
8,349.28806948661804,10,False,,[]
9,316.17283940315247,10,False,,[]
10,285.23649501800537,10,False,,[]
