run,time_taken,iterations,verified,annotated_contract,status
1,236.4550654888153,10,False,,[]
2,267.96103024482727,10,False,,[]
3,241.8657100200653,10,False,,[]
4,247.32412481307983,10,False,,[]
5,278.1144640445709,10,False,,[]
6,275.21689105033875,10,False,,[]
7,244.84861588478088,10,False,,[]
8,274.91697359085083,10,False,,[]
9,254.01819467544556,10,False,,[]
10,262.0320575237274,10,False,,[]
