run,time_taken,iterations,verified,annotated_contract,status
1,186.56837368011475,10,False,,[]
2,180.36676144599915,10,False,,[]
3,169.1080117225647,10,False,,[]
4,181.7511065006256,10,False,,[]
5,212.91444945335388,10,False,,[]
6,209.00618767738342,10,False,,[]
7,192.52460193634033,10,False,,[]
8,185.07728791236877,10,False,,[]
9,192.2049057483673,10,False,,[]
10,174.8065288066864,10,False,,[]
