model,erc_type,learning_rate,epochs,batch_size,avg_iterations_erc1155_none,avg_iterations_erc20_none,avg_iterations_erc721_none,avg_time_erc1155_none,avg_time_erc20_none,avg_time_erc721_none,verification_rate_erc1155_none,verification_rate_erc20_none,verification_rate_erc721_none,overall_verification_rate,overall_avg_time,overall_avg_iterations
4o-mini,base,0.0,0,0,32.1,32.8,62.8,765.9586936473846,983.2470988512039,800.0170464277268,0.0,0.0,0.0,0.0,849.7409463087719,42.56666666666666
erc-1155-001-5-16,erc1155,0.001,5,16,11.2,19.1,30.3,284.1184440612793,217.9562736749649,378.0487041950226,0.6,0.2,0.2,0.3333333333333333,293.37447397708894,20.2
erc-20-001-5-16,erc20,0.001,5,16,15.9,31.4,50.3,271.11738629341124,328.10283868312837,564.274485707283,0.2,0.0,0.1,0.10000000000000002,387.83157022794086,32.53333333333333
erc-20-1155-001-5-16,erc20,0.1155,1,5,12.2,16.4,40.0,396.76595027446746,197.26827671527863,421.18784120082853,0.7,0.2,0.0,0.3,338.4073560635249,22.866666666666664
erc-20-721-001-5-16,erc20,0.721,1,5,16.3,26.4,47.2,257.305574464798,320.0236372232437,548.7256472110748,0.4,0.0,0.0,0.13333333333333333,375.3516196330388,29.96666666666667
erc-20-721-1155-001-5-16,erc20,0.721,1155,1,11.1,12.6,28.7,291.7939572095871,144.24196524620055,342.620170545578,0.8,0.7,0.5,0.6666666666666666,259.5520310004552,17.466666666666665
erc-721-001-5-16,erc721,0.001,5,16,14.9,27.4,40.8,273.50713577270506,286.13276574611666,566.4404935598374,0.1,0.0,0.0,0.03333333333333333,375.36013169288634,27.7
erc-721-1155-001-5-16,erc721,0.1155,1,5,12.5,12.6,45.6,198.5561486005783,144.06048312187195,523.2528919935227,0.6,0.8,0.2,0.5333333333333333,288.623174571991,23.566666666666666
