model,erc_type,learning_rate,epochs,batch_size,avg_iterations_erc1155_none,avg_iterations_erc20_none,avg_iterations_erc721_none,avg_time_erc1155_none,avg_time_erc20_none,avg_time_erc721_none,verification_rate_erc1155_none,verification_rate_erc20_none,verification_rate_erc721_none,overall_verification_rate,overall_avg_time,overall_avg_iterations
4o-mini,base,0.0,0,0,21.4,19.0,59.3,443.61972270011904,872.8254142761231,1181.741761136055,0.1,0.2,0.0,0.10000000000000002,832.7289660374323,33.23333333333333
erc-1155-001-5-16,erc1155,0.001,5,16,10.9,17.0,50.0,745.6723763227462,419.40246868133545,764.7095760822297,0.7,0.4,0.0,0.3666666666666667,643.2614736954371,25.96666666666667
erc-20-001-5-16,erc20,0.001,5,16,20.4,21.7,28.0,501.8227916240692,677.4016601800919,664.9303231239319,0.2,0.3,0.6,0.3666666666666667,614.7182583093644,23.366666666666664
erc-20-1155-001-5-16,erc20,0.1155,1,5,9.5,21.2,36.3,654.8874850511551,667.4421618700028,655.1202762842179,0.8,0.3,0.2,0.43333333333333335,659.149974401792,22.333333333333332
erc-20-721-001-5-16,erc20,0.721,1,5,14.5,19.7,10.0,1140.731817150116,542.1615265607834,286.85720801353455,0.7,0.5,1.0,0.7333333333333334,656.583517241478,14.733333333333334
erc-20-721-1155-001-5-16,erc20,0.721,1155,1,14.9,22.4,16.7,1094.548020863533,1017.8745715141297,268.4436688423157,0.6,0.1,1.0,0.5666666666666668,793.6220870733263,18.0
erc-721-001-5-16,erc721,0.001,5,16,18.6,19.5,32.1,1194.618583035469,606.7007886409759,437.3286176681519,0.1,0.3,0.7,0.3666666666666667,746.2159964481989,23.400000000000002
erc-721-1155-001-5-16,erc721,0.1155,1,5,10.0,20.3,24.1,750.5930681228638,511.6494418621063,396.630157661438,0.7,0.2,0.8,0.5666666666666667,552.957555882136,18.133333333333336
