model,erc_type,learning_rate,epochs,batch_size,avg_iterations_erc1155_none,avg_iterations_erc20_none,avg_iterations_erc721_none,avg_time_erc1155_none,avg_time_erc20_none,avg_time_erc721_none,verification_rate_erc1155_none,verification_rate_erc20_none,verification_rate_erc721_none,overall_verification_rate,overall_avg_time,overall_avg_iterations
4o-mini,base,0.0,0,0,32.1,32.8,62.8,765.9586936473846,983.2470988512039,800.0170464277268,0.0,0.0,0.0,0.0,849.7409463087719,42.56666666666666
erc-1155-001-5-16,erc1155,0.001,5,16,11.2,19.1,30.3,284.1184440612793,217.9562736749649,378.0487041950226,0.6,0.2,0.2,0.3333333333333333,293.37447397708894,20.2
erc-20-001-5-16,erc20,0.001,5,16,15.9,13.5,50.3,271.11738629341124,208.9215700149536,564.274485707283,0.2,0.6,0.1,0.3,348.10448067188264,26.566666666666663
erc-20-1155-001-5-16,erc20,0.1155,1,5,12.2,12.6,40.0,396.76595027446746,144.24196524620055,421.18784120082853,0.7,0.7,0.0,0.4666666666666666,320.7319189071655,21.599999999999998
erc-20-721-001-5-16,erc20,0.721,1,5,16.3,12.6,38.6,257.305574464798,144.06048312187195,911.0817474365234,0.4,0.8,0.2,0.46666666666666673,437.48260167439776,22.5
erc-20-721-1155-001-5-16,erc20,0.721,1155,1,11.1,12.9,28.7,291.7939572095871,164.18247818946838,342.620170545578,0.8,0.9,0.5,0.7333333333333334,266.19886864821115,17.566666666666666
erc-721-001-5-16,erc721,0.001,5,16,14.9,27.4,32.4,273.50713577270506,286.13276574611666,464.39998199939726,0.1,0.0,0.2,0.10000000000000002,341.3466278394064,24.899999999999995
erc-721-1155-001-5-16,erc721,0.1155,1,5,12.5,11.7,45.6,198.5561486005783,180.1701448917389,523.2528919935227,0.6,0.8,0.2,0.5333333333333333,300.6597284952799,23.266666666666666
