run,time_taken,iterations,verified,annotated_contract,status
1,556.1881175041199,10,False,,[]
2,351.6195111274719,10,False,,[]
3,263.68761229515076,10,False,,[]
4,506.54908871650696,10,False,,[]
5,485.63120770454407,10,False,,[]
6,306.12125754356384,10,False,,[]
7,340.31688117980957,10,False,,[]
8,494.80160117149353,10,False,,[]
9,328.3846607208252,10,False,,[]
10,417.66447472572327,10,False,,[]
