run,time_taken,iterations,verified,annotated_contract,status
1,381.45435428619385,10,False,,[]
2,381.47224164009094,10,False,,[]
3,365.0773985385895,10,False,,[]
4,321.6206669807434,10,False,,[]
5,366.2823781967163,10,False,,[]
6,362.24141001701355,10,False,,[]
7,393.60333037376404,10,False,,[]
8,212.19385695457458,10,False,,[]
9,379.92103242874146,10,False,,[]
10,428.3450644016266,10,False,,[]
