run,time_taken,iterations,verified,annotated_contract,status
1,175.81153631210327,10,False,,[]
2,179.4984745979309,10,False,,[]
3,170.07519102096558,10,False,,[]
4,167.1575801372528,10,False,,[]
5,196.743150472641,10,False,,[]
6,170.351300239563,10,False,,[]
7,247.019056558609,10,False,,[]
8,161.50847363471985,10,False,,[]
9,178.71459484100342,10,False,,[]
10,168.07945275306702,10,False,,[]
