run,time_taken,iterations,verified,annotated_contract,status
1,430.4032473564148,10,False,,[]
2,650.6962013244629,10,False,,[]
3,529.8741228580475,10,False,,[]
4,597.7340793609619,10,False,,[]
5,410.2144067287445,10,False,,[]
6,419.88401198387146,10,False,,[]
7,325.43538331985474,10,False,,[]
8,228.66429257392883,10,False,,[]
9,387.6133053302765,10,False,,[]
10,330.1645607948303,10,False,,[]
