run,time_taken,iterations,verified,annotated_contract,status
1,247.96418237686157,10,False,,[]
2,261.4568078517914,10,False,,[]
3,256.021133184433,10,False,,[]
4,240.969801902771,10,False,,[]
5,275.07946705818176,10,False,,[]
6,305.1976752281189,10,False,,[]
7,226.77125096321106,10,False,,[]
8,262.3118507862091,10,False,,[]
9,280.6045298576355,10,False,,[]
10,250.23094582557678,10,False,,[]
