run,time_taken,iterations,verified,annotated_contract,status
1,339.41953802108765,10,False,,[]
2,341.6694803237915,10,False,,[]
3,357.4552273750305,10,False,,[]
4,318.98953771591187,10,False,,[]
5,350.6215298175812,10,False,,[]
6,334.9283697605133,10,False,,[]
7,344.43738055229187,10,False,,[]
8,337.9869680404663,10,False,,[]
9,406.82692408561707,10,False,,[]
10,315.4040741920471,10,False,,[]
