run,time_taken,iterations,verified,annotated_contract,status
1,353.42242431640625,10,False,,[]
2,374.061564207077,10,False,,[]
3,254.0667793750763,10,False,,[]
4,313.918993473053,10,False,,[]
5,240.03287363052368,10,False,,[]
6,410.67971110343933,10,False,,[]
7,232.617005109787,10,False,,[]
8,332.39611983299255,10,False,,[]
9,413.12496280670166,10,False,,[]
10,323.7889096736908,10,False,,[]
