run,time_taken,iterations,verified,annotated_contract,status
1,429.8434944152832,10,False,,[]
2,403.12649726867676,10,False,,[]
3,448.7366967201233,10,False,,[]
4,486.77874970436096,10,False,,[]
5,330.1642279624939,10,False,,[]
6,402.8744201660156,10,False,,[]
7,362.43883991241455,10,False,,[]
8,444.6823298931122,10,False,,[]
9,444.3442304134369,10,False,,[]
10,356.3597857952118,10,False,,[]
