run,time_taken,iterations,verified,annotated_contract,status
1,383.72074341773987,10,False,,[]
2,362.4509482383728,10,False,,[]
3,280.936883687973,10,False,,[]
4,421.43605065345764,10,False,,[]
5,297.5988345146179,10,False,,[]
6,294.98928356170654,10,False,,[]
7,288.4493865966797,10,False,,[]
8,308.4545547962189,10,False,,[]
9,284.1284830570221,10,False,,[]
10,206.7497320175171,10,False,,[]
